,Name,Country,Runs,Mins,BF,4s,6s,SR,POS,Dismissal,Inns,Opposition,Ground,Date
0,Mahela Jayawardena,Sri Lanka,66,133,105,10,0,62.85,6,caught,2,v India,Colombo (RPS),2 Aug 1997
1,Mahela Jayawardena,Sri Lanka,16,48,34,2,0,47.05,6,caught,1,v India,Colombo (SSC),9 Aug 1997
2,Mahela Jayawardena,Sri Lanka,7,8,10,1,0,70.00,7,caught,3,v India,Colombo (SSC),9 Aug 1997
3,Mahela Jayawardena,Sri Lanka,52,128,108,10,0,48.14,3,caught,2,v New Zealand,Colombo (RPS),27 May 1998
4,Mahela Jayawardena,Sri Lanka,54,270,255,5,0,21.17,3,caught,4,v New Zealand,Colombo (RPS),27 May 1998
5,Mahela Jayawardena,Sri Lanka,167,338,278,18,0,60.07,3,lbw,2,v New Zealand,Galle,3 Jun 1998
6,Mahela Jayawardena,Sri Lanka,16,28,26,2,0,61.53,3,caught,1,v New Zealand,Colombo (SSC),10 Jun 1998
7,Mahela Jayawardena,Sri Lanka,11,55,40,1,0,27.50,3,caught,3,v New Zealand,Colombo (SSC),10 Jun 1998
8,Mahela Jayawardena,Sri Lanka,9,56,40,0,0,22.50,3,caught,2,v England,The Oval,27 Aug 1998
9,Mahela Jayawardena,Sri Lanka,DNB,-,-,-,-,-,-,-,4,v England,The Oval,27 Aug 1998
10,Mahela Jayawardena,Sri Lanka,242,677,465,30,2,52.04,3,caught,2,v India,Colombo (SSC),24 Feb 1999
11,Mahela Jayawardena,Sri Lanka,4,14,11,0,0,36.36,3,bowled,2,v Pakistan,Lahore,4 Mar 1999
12,Mahela Jayawardena,Sri Lanka,50,143,93,5,0,53.76,3,caught,4,v Pakistan,Lahore,4 Mar 1999
13,Mahela Jayawardena,Sri Lanka,0,1,1,0,0,0.00,3,lbw,1,v Pakistan,Dhaka,12 Mar 1999
14,Mahela Jayawardena,Sri Lanka,1,8,5,0,0,20.00,4,caught,3,v Pakistan,Dhaka,12 Mar 1999
15,Mahela Jayawardena,Sri Lanka,46,117,70,7,0,65.71,5,caught,2,v Australia,Kandy,9 Sep 1999
16,Mahela Jayawardena,Sri Lanka,9,31,20,1,0,45.00,5,caught,4,v Australia,Kandy,9 Sep 1999
17,Mahela Jayawardena,Sri Lanka,46,119,110,7,0,41.81,5,caught,1,v Australia,Galle,22 Sep 1999
18,Mahela Jayawardena,Sri Lanka,DNB,-,-,-,-,-,-,-,3,v Australia,Galle,22 Sep 1999
19,Mahela Jayawardena,Sri Lanka,21,63,52,3,0,40.38,5,caught,2,v Australia,Colombo (SSC),30 Sep 1999
20,Mahela Jayawardena,Sri Lanka,17,50,45,1,0,37.77,4,lbw,2,v Zimbabwe,Bulawayo,18 Nov 1999
21,Mahela Jayawardena,Sri Lanka,91,206,207,11,1,43.96,4,caught,2,v Zimbabwe,Harare,26 Nov 1999
22,Mahela Jayawardena,Sri Lanka,6*,43,27,0,0,22.22,4,not out,4,v Zimbabwe,Harare,26 Nov 1999
23,Mahela Jayawardena,Sri Lanka,2,13,12,0,0,16.66,3,caught,2,v Zimbabwe,Harare,4 Dec 1999
24,Mahela Jayawardena,Sri Lanka,DNB,-,-,-,-,-,-,-,4,v Zimbabwe,Harare,4 Dec 1999
25,Mahela Jayawardena,Sri Lanka,42,67,55,5,0,76.36,5,run out,2,v Pakistan,Rawalpindi,26 Feb 2000
26,Mahela Jayawardena,Sri Lanka,35,144,103,5,0,33.98,5,caught,4,v Pakistan,Rawalpindi,26 Feb 2000
27,Mahela Jayawardena,Sri Lanka,36,88,89,6,0,40.44,5,caught,1,v Pakistan,Peshawar,5 Mar 2000
28,Mahela Jayawardena,Sri Lanka,10,30,19,2,0,52.63,4,lbw,3,v Pakistan,Peshawar,5 Mar 2000
29,Mahela Jayawardena,Sri Lanka,1,16,12,0,0,8.33,4,caught,2,v Pakistan,Karachi,12 Mar 2000
30,Mahela Jayawardena,Sri Lanka,29,57,41,6,0,70.73,4,bowled,4,v Pakistan,Karachi,12 Mar 2000
31,Mahela Jayawardena,Sri Lanka,77,222,145,6,0,53.10,5,caught,1,v Pakistan,Colombo (SSC),14 Jun 2000
32,Mahela Jayawardena,Sri Lanka,1,21,12,0,0,8.33,5,caught,3,v Pakistan,Colombo (SSC),14 Jun 2000
33,Mahela Jayawardena,Sri Lanka,72,194,127,8,1,56.69,5,caught,1,v Pakistan,Galle,21 Jun 2000
34,Mahela Jayawardena,Sri Lanka,9,34,22,1,0,40.90,5,lbw,3,v Pakistan,Galle,21 Jun 2000
35,Mahela Jayawardena,Sri Lanka,2,10,6,0,0,33.33,5,bowled,1,v Pakistan,Kandy,28 Jun 2000
36,Mahela Jayawardena,Sri Lanka,167,331,288,22,2,57.98,4,caught,1,v South Africa,Galle,20 Jul 2000
37,Mahela Jayawardena,Sri Lanka,18,38,25,3,0,72.00,4,caught,2,v South Africa,Kandy,30 Jul 2000
38,Mahela Jayawardena,Sri Lanka,1,5,3,0,0,33.33,4,caught,4,v South Africa,Kandy,30 Jul 2000
39,Mahela Jayawardena,Sri Lanka,34,117,86,4,0,39.53,5,caught,2,v South Africa,Colombo (SSC),6 Aug 2000
40,Mahela Jayawardena,Sri Lanka,101*,217,183,14,1,55.19,4,not out,4,v South Africa,Colombo (SSC),6 Aug 2000
41,Mahela Jayawardena,Sri Lanka,98,270,195,13,0,50.25,4,caught,2,v South Africa,Durban,26 Dec 2000
42,Mahela Jayawardena,Sri Lanka,7,27,18,0,0,38.88,4,caught,4,v South Africa,Durban,26 Dec 2000
43,Mahela Jayawardena,Sri Lanka,0,4,3,0,0,0.00,4,caught,1,v South Africa,Cape Town,2 Jan 2001
44,Mahela Jayawardena,Sri Lanka,45,89,65,8,0,69.23,4,lbw,3,v South Africa,Cape Town,2 Jan 2001
45,Mahela Jayawardena,Sri Lanka,17,60,40,3,0,42.50,5,caught,2,v South Africa,Centurion,20 Jan 2001
46,Mahela Jayawardena,Sri Lanka,23,37,35,5,0,65.71,3,caught,3,v South Africa,Centurion,20 Jan 2001
47,Mahela Jayawardena,Sri Lanka,61,141,94,4,2,64.89,5,run out,1,v England,Galle,22 Feb 2001
48,Mahela Jayawardena,Sri Lanka,101,180,165,12,1,61.21,5,caught,1,v England,Kandy,7 Mar 2001
49,Mahela Jayawardena,Sri Lanka,18,36,29,3,0,62.06,5,bowled,3,v England,Kandy,7 Mar 2001
50,Mahela Jayawardena,Sri Lanka,71,188,152,8,1,46.71,5,caught,1,v England,Colombo (SSC),15 Mar 2001
51,Mahela Jayawardena,Sri Lanka,11,60,33,1,0,33.33,5,lbw,3,v England,Colombo (SSC),15 Mar 2001
52,Mahela Jayawardena,Sri Lanka,28,42,30,4,0,93.33,4,caught,2,v India,Galle,14 Aug 2001
53,Mahela Jayawardena,Sri Lanka,DNB,-,-,-,-,-,-,-,4,v India,Galle,14 Aug 2001
54,Mahela Jayawardena,Sri Lanka,104,234,149,17,0,69.79,4,caught,1,v India,Kandy,22 Aug 2001
55,Mahela Jayawardena,Sri Lanka,25,80,55,3,0,45.45,4,caught,3,v India,Kandy,22 Aug 2001
56,Mahela Jayawardena,Sri Lanka,139,339,216,14,1,64.35,4,lbw,2,v India,Colombo (SSC),29 Aug 2001
57,Mahela Jayawardena,Sri Lanka,150,180,115,26,1,130.43,4,retired out,2,v Bangladesh,Colombo (SSC),6 Sep 2001
58,Mahela Jayawardena,Sri Lanka,99,171,133,13,0,74.43,4,run out,2,v West Indies,Galle,13 Nov 2001
59,Mahela Jayawardena,Sri Lanka,DNB,-,-,-,-,-,-,-,4,v West Indies,Galle,13 Nov 2001
60,Mahela Jayawardena,Sri Lanka,88,180,146,9,1,60.27,4,caught,1,v West Indies,Kandy,21 Nov 2001
61,Mahela Jayawardena,Sri Lanka,16,29,22,3,0,72.72,4,caught,3,v West Indies,Kandy,21 Nov 2001
62,Mahela Jayawardena,Sri Lanka,39,153,90,4,0,43.33,4,lbw,2,v West Indies,Colombo (SSC),29 Nov 2001
63,Mahela Jayawardena,Sri Lanka,DNB,-,-,-,-,-,-,-,4,v West Indies,Colombo (SSC),29 Nov 2001
64,Mahela Jayawardena,Sri Lanka,18,24,14,4,0,128.57,4,caught,1,v Zimbabwe,Colombo (SSC),27 Dec 2001
65,Mahela Jayawardena,Sri Lanka,56,100,86,8,0,65.11,4,lbw,2,v Zimbabwe,Kandy,4 Jan 2002
66,Mahela Jayawardena,Sri Lanka,76,133,130,9,0,58.46,4,caught,1,v Zimbabwe,Galle,12 Jan 2002
67,Mahela Jayawardena,Sri Lanka,17*,35,20,2,0,85.00,4,not out,3,v Zimbabwe,Galle,12 Jan 2002
68,Mahela Jayawardena,Sri Lanka,68,174,96,8,1,70.83,4,caught,2,v Pakistan,Lahore,6 Mar 2002
69,Mahela Jayawardena,Sri Lanka,12*,11,7,2,0,171.42,4,not out,4,v Pakistan,Lahore,6 Mar 2002
70,Mahela Jayawardena,Sri Lanka,107,222,168,17,0,63.69,4,caught,1,v England,Lord's,16 May 2002
71,Mahela Jayawardena,Sri Lanka,14*,22,21,1,0,66.66,3,not out,4,v England,Lord's,16 May 2002
72,Mahela Jayawardena,Sri Lanka,47,91,60,7,0,78.33,4,caught,1,v England,Birmingham,30 May 2002
73,Mahela Jayawardena,Sri Lanka,59,194,158,7,0,37.34,4,caught,3,v England,Birmingham,30 May 2002
74,Mahela Jayawardena,Sri Lanka,17,72,54,1,0,31.48,4,caught,2,v England,Manchester,13 Jun 2002
75,Mahela Jayawardena,Sri Lanka,28,94,71,2,1,39.43,4,caught,3,v England,Manchester,13 Jun 2002
76,Mahela Jayawardena,Sri Lanka,0,7,3,0,0,0.00,4,bowled,2,v Bangladesh,Colombo (PSS),21 Jul 2002
77,Mahela Jayawardena,Sri Lanka,39,151,100,7,0,39.00,4,caught,1,v South Africa,Johannesburg,8 Nov 2002
78,Mahela Jayawardena,Sri Lanka,1,14,13,0,0,7.69,4,caught,3,v South Africa,Johannesburg,8 Nov 2002
79,Mahela Jayawardena,Sri Lanka,44,151,106,6,0,41.50,4,bowled,1,v South Africa,Centurion,15 Nov 2002
80,Mahela Jayawardena,Sri Lanka,40,169,99,6,0,40.40,4,lbw,3,v South Africa,Centurion,15 Nov 2002
81,Mahela Jayawardena,Sri Lanka,58,207,148,8,0,39.18,5,caught,2,v New Zealand,Colombo (PSS),25 Apr 2003
82,Mahela Jayawardena,Sri Lanka,15,57,41,2,0,36.58,3,caught,2,v New Zealand,Kandy,3 May 2003
83,Mahela Jayawardena,Sri Lanka,32*,105,78,5,0,41.02,3,not out,4,v New Zealand,Kandy,3 May 2003
84,Mahela Jayawardena,Sri Lanka,45,104,101,4,0,44.55,4,caught,1,v West Indies,Gros Islet,20 Jun 2003
85,Mahela Jayawardena,Sri Lanka,DNB,-,-,-,-,-,-,-,3,v West Indies,Gros Islet,20 Jun 2003
86,Mahela Jayawardena,Sri Lanka,10,39,28,1,0,35.71,4,caught,1,v West Indies,Kingston,27 Jun 2003
87,Mahela Jayawardena,Sri Lanka,32,101,60,3,0,53.33,4,caught,3,v West Indies,Kingston,27 Jun 2003
88,Mahela Jayawardena,Sri Lanka,17,64,42,2,0,40.47,4,caught,1,v England,Galle,2 Dec 2003
89,Mahela Jayawardena,Sri Lanka,86*,312,242,7,0,35.53,4,not out,3,v England,Galle,2 Dec 2003
90,Mahela Jayawardena,Sri Lanka,45,128,94,6,1,47.87,4,caught,1,v England,Kandy,10 Dec 2003
91,Mahela Jayawardena,Sri Lanka,52,181,114,4,0,45.61,4,bowled,3,v England,Kandy,10 Dec 2003
92,Mahela Jayawardena,Sri Lanka,134,351,246,14,1,54.47,4,caught,2,v England,Colombo (SSC),18 Dec 2003
93,Mahela Jayawardena,Sri Lanka,68,126,102,8,0,66.66,4,caught,2,v Australia,Galle,8 Mar 2004
94,Mahela Jayawardena,Sri Lanka,21,76,47,3,0,44.68,3,caught,4,v Australia,Galle,8 Mar 2004
95,Mahela Jayawardena,Sri Lanka,17,61,46,2,0,36.95,5,caught,2,v Australia,Kandy,16 Mar 2004
96,Mahela Jayawardena,Sri Lanka,13,65,45,2,0,28.88,5,caught,4,v Australia,Kandy,16 Mar 2004
97,Mahela Jayawardena,Sri Lanka,29,87,72,4,0,40.27,4,caught,2,v Australia,Colombo (SSC),24 Mar 2004
98,Mahela Jayawardena,Sri Lanka,37,130,99,4,1,37.37,4,caught,4,v Australia,Colombo (SSC),24 Mar 2004
99,Mahela Jayawardena,Sri Lanka,37,52,52,5,0,71.15,4,caught,2,v Zimbabwe,Harare,6 May 2004
100,Mahela Jayawardena,Sri Lanka,100*,174,152,7,1,65.78,4,not out,2,v Zimbabwe,Bulawayo,14 May 2004
101,Mahela Jayawardena,Sri Lanka,14,51,43,2,0,32.55,4,caught,2,v Australia,Darwin,1 Jul 2004
102,Mahela Jayawardena,Sri Lanka,44,150,114,2,0,38.59,4,bowled,4,v Australia,Darwin,1 Jul 2004
103,Mahela Jayawardena,Sri Lanka,43,166,118,6,0,36.44,4,caught,2,v Australia,Cairns,9 Jul 2004
104,Mahela Jayawardena,Sri Lanka,6,28,29,1,0,20.68,4,caught,4,v Australia,Cairns,9 Jul 2004
105,Mahela Jayawardena,Sri Lanka,237,563,415,25,3,57.10,4,lbw,1,v South Africa,Galle,4 Aug 2004
106,Mahela Jayawardena,Sri Lanka,5,25,20,0,0,25.00,4,caught,3,v South Africa,Galle,4 Aug 2004
107,Mahela Jayawardena,Sri Lanka,82,252,210,10,0,39.04,4,bowled,1,v South Africa,Colombo (SSC),11 Aug 2004
108,Mahela Jayawardena,Sri Lanka,3,10,5,0,0,60.00,4,caught,3,v South Africa,Colombo (SSC),11 Aug 2004
109,Mahela Jayawardena,Sri Lanka,0,4,5,0,0,0.00,4,caught,1,v Pakistan,Faisalabad,20 Oct 2004
110,Mahela Jayawardena,Sri Lanka,57,126,100,9,0,57.00,4,caught,3,v Pakistan,Faisalabad,20 Oct 2004
111,Mahela Jayawardena,Sri Lanka,16,44,46,3,0,34.78,4,caught,1,v Pakistan,Karachi,28 Oct 2004
112,Mahela Jayawardena,Sri Lanka,32,97,66,6,0,48.48,4,caught,3,v Pakistan,Karachi,28 Oct 2004
113,Mahela Jayawardena,Sri Lanka,141,342,243,19,1,58.02,4,caught,2,v New Zealand,Napier,4 Apr 2005
114,Mahela Jayawardena,Sri Lanka,DNB,-,-,-,-,-,-,-,4,v New Zealand,Napier,4 Apr 2005
115,Mahela Jayawardena,Sri Lanka,1,4,3,0,0,33.33,4,lbw,1,v New Zealand,Wellington,11 Apr 2005
116,Mahela Jayawardena,Sri Lanka,13,37,30,1,0,43.33,5,caught,3,v New Zealand,Wellington,11 Apr 2005
117,Mahela Jayawardena,Sri Lanka,3,53,24,0,0,12.50,4,caught,2,v West Indies,Colombo (SSC),13 Jul 2005
118,Mahela Jayawardena,Sri Lanka,41*,140,84,4,0,48.80,4,not out,4,v West Indies,Colombo (SSC),13 Jul 2005
119,Mahela Jayawardena,Sri Lanka,6,32,15,1,0,40.00,4,caught,1,v West Indies,Kandy,22 Jul 2005
120,Mahela Jayawardena,Sri Lanka,43,123,99,6,0,43.43,4,bowled,3,v West Indies,Kandy,22 Jul 2005
121,Mahela Jayawardena,Sri Lanka,63,145,120,7,1,52.50,5,caught,2,v Bangladesh,Colombo (RPS),12 Sep 2005
122,Mahela Jayawardena,Sri Lanka,2,14,8,0,0,25.00,4,bowled,1,v Bangladesh,Colombo (PSS),20 Sep 2005
123,Mahela Jayawardena,Sri Lanka,71,119,80,14,1,88.75,3,caught,2,v India,Chennai,2 Dec 2005
124,Mahela Jayawardena,Sri Lanka,60,125,103,9,0,58.25,4,lbw,2,v India,Delhi,10 Dec 2005
125,Mahela Jayawardena,Sri Lanka,67,205,164,7,0,40.85,4,caught,4,v India,Delhi,10 Dec 2005
126,Mahela Jayawardena,Sri Lanka,0,1,1,0,0,0.00,4,caught,2,v India,Ahmedabad,18 Dec 2005
127,Mahela Jayawardena,Sri Lanka,57,138,106,7,0,53.77,4,caught,4,v India,Ahmedabad,18 Dec 2005
128,Mahela Jayawardena,Sri Lanka,30,52,40,4,1,75.00,4,caught,2,v Bangladesh,Chattogram,28 Feb 2006
129,Mahela Jayawardena,Sri Lanka,23*,30,25,4,0,92.00,4,not out,4,v Bangladesh,Chattogram,28 Feb 2006
130,Mahela Jayawardena,Sri Lanka,49,163,105,7,0,46.66,6,caught,2,v Bangladesh,Bogra,8 Mar 2006
131,Mahela Jayawardena,Sri Lanka,DNB,-,-,-,-,-,-,-,4,v Bangladesh,Bogra,8 Mar 2006
132,Mahela Jayawardena,Sri Lanka,1,30,20,0,0,5.00,4,caught,1,v Pakistan,Colombo (SSC),26 Mar 2006
133,Mahela Jayawardena,Sri Lanka,82,178,139,12,1,58.99,4,caught,3,v Pakistan,Colombo (SSC),26 Mar 2006
134,Mahela Jayawardena,Sri Lanka,4,42,23,0,0,17.39,4,caught,1,v Pakistan,Kandy,3 Apr 2006
135,Mahela Jayawardena,Sri Lanka,15,50,29,2,0,51.72,3,bowled,3,v Pakistan,Kandy,3 Apr 2006
136,Mahela Jayawardena,Sri Lanka,61,167,118,9,0,51.69,4,caught,2,v England,Lord's,11 May 2006
137,Mahela Jayawardena,Sri Lanka,119,366,220,12,0,54.09,4,caught,3,v England,Lord's,11 May 2006
138,Mahela Jayawardena,Sri Lanka,0,3,3,0,0,0.00,4,caught,1,v England,Birmingham,25 May 2006
139,Mahela Jayawardena,Sri Lanka,5,27,18,1,0,27.77,4,lbw,3,v England,Birmingham,25 May 2006
140,Mahela Jayawardena,Sri Lanka,0,13,9,0,0,0.00,4,caught,1,v England,Nottingham,2 Jun 2006
141,Mahela Jayawardena,Sri Lanka,45,118,84,5,0,53.57,4,caught,3,v England,Nottingham,2 Jun 2006
142,Mahela Jayawardena,Sri Lanka,374,752,572,43,1,65.38,4,bowled,2,v South Africa,Colombo (SSC),27 Jul 2006
143,Mahela Jayawardena,Sri Lanka,13,47,27,2,0,48.14,4,caught,2,v South Africa,Colombo (PSS),4 Aug 2006
144,Mahela Jayawardena,Sri Lanka,123,359,248,11,2,49.59,4,caught,4,v South Africa,Colombo (PSS),4 Aug 2006
145,Mahela Jayawardena,Sri Lanka,8,24,16,2,0,50.00,4,caught,1,v New Zealand,Christchurch,7 Dec 2006
146,Mahela Jayawardena,Sri Lanka,0,9,6,0,0,0.00,4,caught,3,v New Zealand,Christchurch,7 Dec 2006
147,Mahela Jayawardena,Sri Lanka,0,11,4,0,0,0.00,4,bowled,1,v New Zealand,Wellington,15 Dec 2006
148,Mahela Jayawardena,Sri Lanka,31,161,121,2,0,25.61,4,caught,3,v New Zealand,Wellington,15 Dec 2006
149,Mahela Jayawardena,Sri Lanka,127,201,159,18,1,79.87,4,caught,2,v Bangladesh,Colombo (SSC),25 Jun 2007
150,Mahela Jayawardena,Sri Lanka,49,118,106,5,1,46.22,4,caught,2,v Bangladesh,Colombo (PSS),3 Jul 2007
151,Mahela Jayawardena,Sri Lanka,165,273,210,15,3,78.57,4,caught,2,v Bangladesh,Kandy,11 Jul 2007
152,Mahela Jayawardena,Sri Lanka,14,49,35,2,0,40.00,4,caught,2,v Australia,Brisbane,8 Nov 2007
153,Mahela Jayawardena,Sri Lanka,49,144,119,5,0,41.17,4,caught,3,v Australia,Brisbane,8 Nov 2007
154,Mahela Jayawardena,Sri Lanka,104,271,194,13,0,53.60,4,caught,2,v Australia,Hobart,16 Nov 2007
155,Mahela Jayawardena,Sri Lanka,0,3,1,0,0,0.00,4,bowled,4,v Australia,Hobart,16 Nov 2007
156,Mahela Jayawardena,Sri Lanka,1,23,12,0,0,8.33,4,caught,1,v England,Kandy,1 Dec 2007
157,Mahela Jayawardena,Sri Lanka,65,148,108,9,0,60.18,4,caught,3,v England,Kandy,1 Dec 2007
158,Mahela Jayawardena,Sri Lanka,195,578,422,16,1,46.20,4,caught,2,v England,Colombo (SSC),9 Dec 2007
159,Mahela Jayawardena,Sri Lanka,213*,610,411,25,0,51.82,4,not out,1,v England,Galle,18 Dec 2007
160,Mahela Jayawardena,Sri Lanka,136,369,234,13,0,58.11,4,lbw,1,v West Indies,Providence,22 Mar 2008
161,Mahela Jayawardena,Sri Lanka,33,72,38,3,0,86.84,4,caught,3,v West Indies,Providence,22 Mar 2008
162,Mahela Jayawardena,Sri Lanka,26,-,41,5,0,63.41,4,bowled,1,v West Indies,Port of Spain,3 Apr 2008
163,Mahela Jayawardena,Sri Lanka,12,-,13,3,0,92.30,4,bowled,3,v West Indies,Port of Spain,3 Apr 2008
164,Mahela Jayawardena,Sri Lanka,136,375,259,10,1,52.50,4,caught,1,v India,Colombo (SSC),23 Jul 2008
165,Mahela Jayawardena,Sri Lanka,86,245,188,10,0,45.74,4,caught,2,v India,Galle,31 Jul 2008
166,Mahela Jayawardena,Sri Lanka,5,6,7,1,0,71.42,4,caught,4,v India,Galle,31 Jul 2008
167,Mahela Jayawardena,Sri Lanka,2,10,6,0,0,33.33,5,lbw,2,v India,Colombo (PSS),8 Aug 2008
168,Mahela Jayawardena,Sri Lanka,50*,103,85,3,0,58.82,4,not out,4,v India,Colombo (PSS),8 Aug 2008
169,Mahela Jayawardena,Sri Lanka,3,27,14,0,0,21.42,4,bowled,1,v Bangladesh,Dhaka,26 Dec 2008
170,Mahela Jayawardena,Sri Lanka,166,391,269,19,1,61.71,4,caught,3,v Bangladesh,Dhaka,26 Dec 2008
171,Mahela Jayawardena,Sri Lanka,11,69,46,1,0,23.91,4,caught,1,v Bangladesh,Chattogram,3 Jan 2009
172,Mahela Jayawardena,Sri Lanka,22,92,92,1,0,23.91,4,caught,3,v Bangladesh,Chattogram,3 Jan 2009
173,Mahela Jayawardena,Sri Lanka,240,531,424,32,0,56.60,4,caught,1,v Pakistan,Karachi,21 Feb 2009
174,Mahela Jayawardena,Sri Lanka,22,58,38,2,0,57.89,5,caught,3,v Pakistan,Karachi,21 Feb 2009
175,Mahela Jayawardena,Sri Lanka,30,88,61,5,0,49.18,4,caught,1,v Pakistan,Lahore,1 Mar 2009
176,Mahela Jayawardena,Sri Lanka,30,82,48,6,0,62.50,4,caught,1,v Pakistan,Galle,4 Jul 2009
177,Mahela Jayawardena,Sri Lanka,0,9,4,0,0,0.00,5,caught,3,v Pakistan,Galle,4 Jul 2009
178,Mahela Jayawardena,Sri Lanka,19,72,53,3,0,35.84,4,caught,2,v Pakistan,Colombo (PSS),12 Jul 2009
179,Mahela Jayawardena,Sri Lanka,37*,50,35,5,0,105.71,4,not out,4,v Pakistan,Colombo (PSS),12 Jul 2009
180,Mahela Jayawardena,Sri Lanka,79,199,153,10,0,51.63,4,bowled,2,v Pakistan,Colombo (SSC),20 Jul 2009
181,Mahela Jayawardena,Sri Lanka,2,29,11,0,0,18.18,4,caught,4,v Pakistan,Colombo (SSC),20 Jul 2009
182,Mahela Jayawardena,Sri Lanka,114,297,227,15,0,50.22,4,caught,1,v New Zealand,Galle,18 Aug 2009
183,Mahela Jayawardena,Sri Lanka,27,52,41,1,0,65.85,4,caught,3,v New Zealand,Galle,18 Aug 2009
184,Mahela Jayawardena,Sri Lanka,92,312,234,8,0,39.31,4,caught,1,v New Zealand,Colombo (SSC),26 Aug 2009
185,Mahela Jayawardena,Sri Lanka,96,232,153,5,1,62.74,4,caught,3,v New Zealand,Colombo (SSC),26 Aug 2009
186,Mahela Jayawardena,Sri Lanka,275,610,435,27,1,63.21,4,bowled,2,v India,Ahmedabad,16 Nov 2009
187,Mahela Jayawardena,Sri Lanka,47,189,125,6,0,37.60,4,caught,2,v India,Kanpur,24 Nov 2009
188,Mahela Jayawardena,Sri Lanka,10,24,21,0,0,47.61,4,run out,3,v India,Kanpur,24 Nov 2009
189,Mahela Jayawardena,Sri Lanka,29,67,63,4,0,46.03,4,caught,1,v India,Mumbai (BS),2 Dec 2009
190,Mahela Jayawardena,Sri Lanka,12,41,24,1,0,50.00,4,caught,3,v India,Mumbai (BS),2 Dec 2009
191,Mahela Jayawardena,Sri Lanka,48,123,78,6,0,61.53,4,lbw,1,v India,Galle,18 Jul 2010
192,Mahela Jayawardena,Sri Lanka,DNB,-,-,-,-,-,-,-,4,v India,Galle,18 Jul 2010
193,Mahela Jayawardena,Sri Lanka,174,358,244,20,1,71.31,4,caught,1,v India,Colombo (SSC),26 Jul 2010
194,Mahela Jayawardena,Sri Lanka,5,39,34,0,0,14.70,4,lbw,3,v India,Colombo (SSC),26 Jul 2010
195,Mahela Jayawardena,Sri Lanka,56,188,154,3,0,36.36,4,lbw,1,v India,Colombo (PSS),3 Aug 2010
196,Mahela Jayawardena,Sri Lanka,5,27,18,1,0,27.77,5,caught,3,v India,Colombo (PSS),3 Aug 2010
197,Mahela Jayawardena,Sri Lanka,59,149,104,6,0,56.73,4,caught,2,v West Indies,Galle,15 Nov 2010
198,Mahela Jayawardena,Sri Lanka,58,212,134,7,1,43.28,4,caught,3,v West Indies,Galle,15 Nov 2010
199,Mahela Jayawardena,Sri Lanka,2,6,7,0,0,28.57,4,bowled,1,v West Indies,Colombo (RPS),23 Nov 2010
200,Mahela Jayawardena,Sri Lanka,DNB,-,-,-,-,-,-,-,3,v West Indies,Colombo (RPS),23 Nov 2010
201,Mahela Jayawardena,Sri Lanka,TDNB,-,-,-,-,-,-,-,-,v West Indies,Pallekele,1 Dec 2010
202,Mahela Jayawardena,Sri Lanka,4,46,35,0,0,11.42,4,caught,1,v England,Cardiff,26 May 2011
203,Mahela Jayawardena,Sri Lanka,15,36,32,2,0,46.87,4,caught,3,v England,Cardiff,26 May 2011
204,Mahela Jayawardena,Sri Lanka,49,137,84,8,0,58.33,4,caught,2,v England,Lord's,3 Jun 2011
205,Mahela Jayawardena,Sri Lanka,25,77,71,4,0,35.21,3,caught,4,v England,Lord's,3 Jun 2011
206,Mahela Jayawardena,Sri Lanka,4,39,25,0,0,16.00,4,caught,1,v England,Southampton,16 Jun 2011
207,Mahela Jayawardena,Sri Lanka,6,30,23,1,0,26.08,4,caught,3,v England,Southampton,16 Jun 2011
208,Mahela Jayawardena,Sri Lanka,11,32,29,2,0,37.93,4,run out,2,v Australia,Galle,31 Aug 2011
209,Mahela Jayawardena,Sri Lanka,105,311,231,15,1,45.45,4,bowled,4,v Australia,Galle,31 Aug 2011
210,Mahela Jayawardena,Sri Lanka,4,10,10,0,0,40.00,4,caught,1,v Australia,Pallekele,8 Sep 2011
211,Mahela Jayawardena,Sri Lanka,51,176,133,5,0,38.34,4,caught,3,v Australia,Pallekele,8 Sep 2011
212,Mahela Jayawardena,Sri Lanka,51,159,120,9,0,42.50,4,caught,2,v Australia,Colombo (SSC),16 Sep 2011
213,Mahela Jayawardena,Sri Lanka,DNB,-,-,-,-,-,-,-,4,v Australia,Colombo (SSC),16 Sep 2011
214,Mahela Jayawardena,Sri Lanka,28,94,63,0,1,44.44,4,caught,1,v Pakistan,Abu Dhabi,18 Oct 2011
215,Mahela Jayawardena,Sri Lanka,4,10,7,1,0,57.14,4,bowled,3,v Pakistan,Abu Dhabi,18 Oct 2011
216,Mahela Jayawardena,Sri Lanka,6,3,4,1,0,150.00,4,caught,1,v Pakistan,Dubai (DSC),26 Oct 2011
217,Mahela Jayawardena,Sri Lanka,5,58,34,0,0,14.70,4,bowled,3,v Pakistan,Dubai (DSC),26 Oct 2011
218,Mahela Jayawardena,Sri Lanka,39,145,108,2,0,36.11,4,lbw,1,v Pakistan,Sharjah,3 Nov 2011
219,Mahela Jayawardena,Sri Lanka,20,60,30,2,0,66.66,4,lbw,3,v Pakistan,Sharjah,3 Nov 2011
220,Mahela Jayawardena,Sri Lanka,30,114,73,2,0,41.09,4,caught,1,v South Africa,Centurion,15 Dec 2011
221,Mahela Jayawardena,Sri Lanka,15,46,31,3,0,48.38,4,run out,3,v South Africa,Centurion,15 Dec 2011
222,Mahela Jayawardena,Sri Lanka,31,81,58,3,1,53.44,4,bowled,1,v South Africa,Durban,26 Dec 2011
223,Mahela Jayawardena,Sri Lanka,14,41,27,2,0,51.85,4,lbw,3,v South Africa,Durban,26 Dec 2011
224,Mahela Jayawardena,Sri Lanka,30,130,81,3,0,37.03,4,caught,2,v South Africa,Cape Town,3 Jan 2012
225,Mahela Jayawardena,Sri Lanka,12,37,21,0,1,57.14,4,caught,3,v South Africa,Cape Town,3 Jan 2012
226,Mahela Jayawardena,Sri Lanka,180,396,315,22,3,57.14,4,caught,1,v England,Galle,26 Mar 2012
227,Mahela Jayawardena,Sri Lanka,5,10,7,1,0,71.42,4,caught,3,v England,Galle,26 Mar 2012
228,Mahela Jayawardena,Sri Lanka,105,313,216,11,1,48.61,4,lbw,1,v England,Colombo (PSS),3 Apr 2012
229,Mahela Jayawardena,Sri Lanka,64,264,191,4,0,33.50,5,caught,3,v England,Colombo (PSS),3 Apr 2012
230,Mahela Jayawardena,Sri Lanka,62,175,132,9,0,46.96,4,bowled,1,v Pakistan,Galle,22 Jun 2012
231,Mahela Jayawardena,Sri Lanka,14,46,31,1,0,45.16,4,caught,3,v Pakistan,Galle,22 Jun 2012
232,Mahela Jayawardena,Sri Lanka,0,17,8,0,0,0.00,4,lbw,2,v Pakistan,Colombo (SSC),30 Jun 2012
233,Mahela Jayawardena,Sri Lanka,1*,8,5,0,0,20.00,4,not out,4,v Pakistan,Colombo (SSC),30 Jun 2012
234,Mahela Jayawardena,Sri Lanka,12,30,24,1,0,50.00,4,lbw,2,v Pakistan,Pallekele,8 Jul 2012
235,Mahela Jayawardena,Sri Lanka,11,40,44,1,0,25.00,4,caught,4,v Pakistan,Pallekele,8 Jul 2012
236,Mahela Jayawardena,Sri Lanka,91,294,176,11,1,51.70,5,caught,2,v New Zealand,Galle,17 Nov 2012
237,Mahela Jayawardena,Sri Lanka,DNB,-,-,-,-,-,-,-,4,v New Zealand,Galle,17 Nov 2012
238,Mahela Jayawardena,Sri Lanka,4,11,5,1,0,80.00,4,caught,2,v New Zealand,Colombo (PSS),25 Nov 2012
239,Mahela Jayawardena,Sri Lanka,5,35,24,1,0,20.83,4,caught,4,v New Zealand,Colombo (PSS),25 Nov 2012
240,Mahela Jayawardena,Sri Lanka,12,36,22,2,0,54.54,4,lbw,2,v Australia,Hobart,14 Dec 2012
241,Mahela Jayawardena,Sri Lanka,19,137,77,1,0,24.67,4,caught,4,v Australia,Hobart,14 Dec 2012
242,Mahela Jayawardena,Sri Lanka,3,32,26,0,0,11.53,4,caught,1,v Australia,Melbourne,26 Dec 2012
243,Mahela Jayawardena,Sri Lanka,0,8,6,0,0,0.00,4,bowled,3,v Australia,Melbourne,26 Dec 2012
244,Mahela Jayawardena,Sri Lanka,72,154,110,12,1,65.45,3,caught,1,v Australia,Sydney,3 Jan 2013
245,Mahela Jayawardena,Sri Lanka,60,200,128,9,0,46.87,3,caught,3,v Australia,Sydney,3 Jan 2013
246,Mahela Jayawardena,Sri Lanka,5,13,8,1,0,62.50,4,caught,1,v Pakistan,Abu Dhabi,31 Dec 2013
247,Mahela Jayawardena,Sri Lanka,0,4,1,0,0,0.00,4,caught,3,v Pakistan,Abu Dhabi,31 Dec 2013
248,Mahela Jayawardena,Sri Lanka,129,413,278,15,0,46.40,5,bowled,2,v Pakistan,Dubai (DSC),8 Jan 2014
249,Mahela Jayawardena,Sri Lanka,DNB,-,-,-,-,-,-,-,4,v Pakistan,Dubai (DSC),8 Jan 2014
250,Mahela Jayawardena,Sri Lanka,47,136,108,5,2,43.51,4,caught,1,v Pakistan,Sharjah,16 Jan 2014
251,Mahela Jayawardena,Sri Lanka,46,211,144,4,1,31.94,4,caught,3,v Pakistan,Sharjah,16 Jan 2014
252,Mahela Jayawardena,Sri Lanka,203*,416,272,16,4,74.63,4,not out,2,v Bangladesh,Dhaka,27 Jan 2014
253,Mahela Jayawardena,Sri Lanka,72,187,147,6,0,48.97,4,lbw,1,v Bangladesh,Chattogram,4 Feb 2014
254,Mahela Jayawardena,Sri Lanka,11,39,29,1,0,37.93,4,lbw,3,v Bangladesh,Chattogram,4 Feb 2014
255,Mahela Jayawardena,Sri Lanka,55,153,105,7,0,52.38,4,lbw,2,v England,Lord's,12 Jun 2014
256,Mahela Jayawardena,Sri Lanka,18,66,45,3,0,40.00,4,caught,4,v England,Lord's,12 Jun 2014
257,Mahela Jayawardena,Sri Lanka,22,68,47,3,0,46.80,4,caught,1,v England,Leeds,20 Jun 2014
258,Mahela Jayawardena,Sri Lanka,79,218,168,8,0,47.02,4,caught,3,v England,Leeds,20 Jun 2014
259,Mahela Jayawardena,Sri Lanka,3,17,9,0,0,33.33,4,lbw,2,v South Africa,Galle,16 Jul 2014
260,Mahela Jayawardena,Sri Lanka,10,47,31,2,0,32.25,4,caught,4,v South Africa,Galle,16 Jul 2014
261,Mahela Jayawardena,Sri Lanka,165,456,284,17,1,58.09,4,run out,1,v South Africa,Colombo (SSC),24 Jul 2014
262,Mahela Jayawardena,Sri Lanka,0,10,6,0,0,0.00,4,caught,3,v South Africa,Colombo (SSC),24 Jul 2014
263,Mahela Jayawardena,Sri Lanka,59,149,112,7,0,52.67,4,lbw,2,v Pakistan,Galle,6 Aug 2014
264,Mahela Jayawardena,Sri Lanka,26,56,35,3,0,74.28,2,bowled,4,v Pakistan,Galle,6 Aug 2014
265,Mahela Jayawardena,Sri Lanka,4,33,16,0,0,25.00,4,lbw,1,v Pakistan,Colombo (SSC),14 Aug 2014
266,Mahela Jayawardena,Sri Lanka,54,192,137,8,0,39.41,4,caught,3,v Pakistan,Colombo (SSC),14 Aug 2014
